{"cameraMode":{"drawMode":0,"name":"Shaded","section":"Shading Mode"},"sceneLighting":true,"audioPlay":false,"sceneViewState":{"m_AlwaysRefresh":false,"showFog":true,"showSkybox":true,"showFlares":true,"showImageEffects":true,"showParticleSystems":true,"showVisualEffectGraphs":true,"m_FxEnabled":true},"in2DMode":false,"pivot":{"x":13.203439712524414,"y":0.046089813113212588,"z":-5.812631130218506},"rotation":{"x":-0.30304813385009768,"y":-0.20078414678573609,"z":0.06617062538862229,"w":-0.9294980764389038},"size":17.793018341064454,"orthographic":false}